[
    {
        "name": "Andrew Kortina",
        "nickname": "Me",
        "phone": "646.123.4567",
        "email": "kortina@fin.dance"
    },
    {
        "name": "Andrew STaub",
        "phone": "215.123.4567",
        "email": "staub@fin.dance"
    },
    {
        "name": "Jenny Kortina",
        "phone": "646.000.4567",
        "email": "jk@gmail.com"
    },
    {
        "name": "Jeff Kortina",
        "phone": "908.000.4567",
        "email": "jeffk@gmail.com"
    },
    {
        "name": "Jenny",
        "phone": "646.444.4567"
    },
    {
        "name": "Jenny Jones",
        "phone": "+1 646.111.4567"
    },
    {
        "name": "Jenny J",
        "email": "jj@aol.com"
    },
    {
        "name": "Jenny J",
        "email": "jj@Yahoo.com"
    },
    {
        "name": "Jenny J.",
        "email": "jj@gmail.com"
    },
    {
        "name": "Jenny J.",
        "email": "jj@somebiz.com"
    },
    {
        "name": "",
        "email": "sally@somebiz.com"
    },
    {
        "email": "joey@gmail.com"
    },
    {
        "name": "Sandy",
        "nickname": "Sandy",
        "phone": "908.123.4567",
        "email": "sandysandy@gmail.COM"
    },
    {
        "name": "susie",
        "phone": "(646) 888 - 8888",
        "email": "susiesu@Mac.com"
    },
    {
        "name": "J",
        "phone": "(646) 888 - 8888"
    },
    {
        "name": "Apple",
        "email": "support@apple.com"
    },
    {
        "name": "Ali",
        "phone": "908-999-8888",
        "email": "ali@mac.com"
    },
    {
        "name": "Sandeep Smith",
        "phone": "908-999-8888",
        "email": "sandeep@fin.dance"
    },
    {
        "name": "  sam smith",
        "phone": "1 (215)-999-8888",
        "email": "🔥🔥🔥🔥🔥"
    },
    {
        "name": "zed",
        "email": "zz@zed.com",
        "phone": "111.111.4444"
    },
    {
        "name": "nopa",
        "phone": "415) 864-8643"
    }
]